"id","hotel_id","hotel_clave","fecha","eventos"
40775,1,"CEINS","2017-12-31",0
40774,1,"CEINS","2017-12-30",0
40773,1,"CEINS","2017-12-29",0
40772,1,"CEINS","2017-12-28",0
40771,1,"CEINS","2017-12-27",0
40770,1,"CEINS","2017-12-26",0
40769,1,"CEINS","2017-12-25",0
40768,1,"CEINS","2017-12-24",0
40767,1,"CEINS","2017-12-23",0
40766,1,"CEINS","2017-12-22",0
40765,1,"CEINS","2017-12-21",0
40764,1,"CEINS","2017-12-20",0
40763,1,"CEINS","2017-12-19",0
40762,1,"CEINS","2017-12-18",0
40761,1,"CEINS","2017-12-17",0
40760,1,"CEINS","2017-12-16",0
40759,1,"CEINS","2017-12-15",0
40758,1,"CEINS","2017-12-14",0
40757,1,"CEINS","2017-12-13",0
40756,1,"CEINS","2017-12-12",0
40755,1,"CEINS","2017-12-11",0
40754,1,"CEINS","2017-12-10",0
40753,1,"CEINS","2017-12-09",0
40752,1,"CEINS","2017-12-08",0
40751,1,"CEINS","2017-12-07",0
40750,1,"CEINS","2017-12-06",0
40749,1,"CEINS","2017-12-05",0
40748,1,"CEINS","2017-12-04",0
40747,1,"CEINS","2017-12-03",0
40746,1,"CEINS","2017-12-02",0
40745,1,"CEINS","2017-12-01",0
40744,1,"CEINS","2017-11-30",0
40743,1,"CEINS","2017-11-29",0
40742,1,"CEINS","2017-11-28",0
40741,1,"CEINS","2017-11-27",0
40740,1,"CEINS","2017-11-26",0
40739,1,"CEINS","2017-11-25",0
40738,1,"CEINS","2017-11-24",0
40737,1,"CEINS","2017-11-23",0
40736,1,"CEINS","2017-11-22",0
40735,1,"CEINS","2017-11-21",0
40734,1,"CEINS","2017-11-20",0
40733,1,"CEINS","2017-11-19",0
40732,1,"CEINS","2017-11-18",0
40731,1,"CEINS","2017-11-17",0
40730,1,"CEINS","2017-11-16",0
40729,1,"CEINS","2017-11-15",0
40728,1,"CEINS","2017-11-14",0
40727,1,"CEINS","2017-11-13",0
40726,1,"CEINS","2017-11-12",0
40725,1,"CEINS","2017-11-11",0
40724,1,"CEINS","2017-11-10",0
40723,1,"CEINS","2017-11-09",0
40722,1,"CEINS","2017-11-08",0
40721,1,"CEINS","2017-11-07",0
40720,1,"CEINS","2017-11-06",0
40719,1,"CEINS","2017-11-05",0
40718,1,"CEINS","2017-11-04",0
40717,1,"CEINS","2017-11-03",0
40716,1,"CEINS","2017-11-02",0
40715,1,"CEINS","2017-11-01",0
40714,1,"CEINS","2017-10-31",0
40713,1,"CEINS","2017-10-30",2
40712,1,"CEINS","2017-10-29",2
40711,1,"CEINS","2017-10-28",0
40710,1,"CEINS","2017-10-27",0
40709,1,"CEINS","2017-10-26",0
40708,1,"CEINS","2017-10-25",0
40707,1,"CEINS","2017-10-24",0
40706,1,"CEINS","2017-10-23",0
40705,1,"CEINS","2017-10-22",0
40704,1,"CEINS","2017-10-21",0
40703,1,"CEINS","2017-10-20",0
40702,1,"CEINS","2017-10-19",0
40701,1,"CEINS","2017-10-18",0
40700,1,"CEINS","2017-10-17",0
40699,1,"CEINS","2017-10-16",0
40698,1,"CEINS","2017-10-15",0
40697,1,"CEINS","2017-10-14",0
40696,1,"CEINS","2017-10-13",0
40695,1,"CEINS","2017-10-12",0
40694,1,"CEINS","2017-10-11",0
40693,1,"CEINS","2017-10-10",0
40692,1,"CEINS","2017-10-09",0
40691,1,"CEINS","2017-10-08",0
40690,1,"CEINS","2017-10-07",0
40689,1,"CEINS","2017-10-06",0
40688,1,"CEINS","2017-10-05",0
40687,1,"CEINS","2017-10-04",0
40686,1,"CEINS","2017-10-03",0
40685,1,"CEINS","2017-10-02",0
40684,1,"CEINS","2017-10-01",0
40683,1,"CEINS","2017-09-30",0
40682,1,"CEINS","2017-09-29",0
40681,1,"CEINS","2017-09-28",0
40680,1,"CEINS","2017-09-27",0
40679,1,"CEINS","2017-09-26",0
40678,1,"CEINS","2017-09-25",0
40677,1,"CEINS","2017-09-24",0
40676,1,"CEINS","2017-09-23",0
40675,1,"CEINS","2017-09-22",0
40674,1,"CEINS","2017-09-21",0
40673,1,"CEINS","2017-09-20",0
40672,1,"CEINS","2017-09-19",0
40671,1,"CEINS","2017-09-18",0
40670,1,"CEINS","2017-09-17",0
40669,1,"CEINS","2017-09-16",0
40668,1,"CEINS","2017-09-15",0
40667,1,"CEINS","2017-09-14",0
40666,1,"CEINS","2017-09-13",0
40665,1,"CEINS","2017-09-12",0
40664,1,"CEINS","2017-09-11",0
40663,1,"CEINS","2017-09-10",0
40662,1,"CEINS","2017-09-09",0
40661,1,"CEINS","2017-09-08",0
40660,1,"CEINS","2017-09-07",0
40659,1,"CEINS","2017-09-06",0
40658,1,"CEINS","2017-09-05",0
40657,1,"CEINS","2017-09-04",0
40656,1,"CEINS","2017-09-03",0
40655,1,"CEINS","2017-09-02",0
40654,1,"CEINS","2017-09-01",0
40653,1,"CEINS","2017-08-31",0
40652,1,"CEINS","2017-08-30",0
40651,1,"CEINS","2017-08-29",0
40650,1,"CEINS","2017-08-28",0
40649,1,"CEINS","2017-08-27",2
40648,1,"CEINS","2017-08-26",2
40647,1,"CEINS","2017-08-25",0
40646,1,"CEINS","2017-08-24",0
40645,1,"CEINS","2017-08-23",0
40644,1,"CEINS","2017-08-22",0
40643,1,"CEINS","2017-08-21",0
40642,1,"CEINS","2017-08-20",0
40641,1,"CEINS","2017-08-19",0
40640,1,"CEINS","2017-08-18",0
40639,1,"CEINS","2017-08-17",0
40638,1,"CEINS","2017-08-16",0
40637,1,"CEINS","2017-08-15",0
40636,1,"CEINS","2017-08-14",0
40635,1,"CEINS","2017-08-13",0
40634,1,"CEINS","2017-08-12",0
40633,1,"CEINS","2017-08-11",0
40632,1,"CEINS","2017-08-10",0
40631,1,"CEINS","2017-08-09",0
40630,1,"CEINS","2017-08-08",0
40629,1,"CEINS","2017-08-07",0
40628,1,"CEINS","2017-08-06",0
40627,1,"CEINS","2017-08-05",0
40626,1,"CEINS","2017-08-04",0
40625,1,"CEINS","2017-08-03",0
40624,1,"CEINS","2017-08-02",0
40623,1,"CEINS","2017-08-01",0
40622,1,"CEINS","2017-07-31",0
40621,1,"CEINS","2017-07-30",0
40620,1,"CEINS","2017-07-29",0
40619,1,"CEINS","2017-07-28",0
40618,1,"CEINS","2017-07-27",0
40617,1,"CEINS","2017-07-26",0
40616,1,"CEINS","2017-07-25",0
40615,1,"CEINS","2017-07-24",0
40614,1,"CEINS","2017-07-23",0
40613,1,"CEINS","2017-07-22",0
40612,1,"CEINS","2017-07-21",0
40611,1,"CEINS","2017-07-20",0
40610,1,"CEINS","2017-07-19",0
40609,1,"CEINS","2017-07-18",0
40608,1,"CEINS","2017-07-17",0
40607,1,"CEINS","2017-07-16",0
40606,1,"CEINS","2017-07-15",0
40605,1,"CEINS","2017-07-14",0
40604,1,"CEINS","2017-07-13",0
40603,1,"CEINS","2017-07-12",0
40602,1,"CEINS","2017-07-11",0
40601,1,"CEINS","2017-07-10",0
40600,1,"CEINS","2017-07-09",0
40599,1,"CEINS","2017-07-08",0
40598,1,"CEINS","2017-07-07",0
40597,1,"CEINS","2017-07-06",0
40596,1,"CEINS","2017-07-05",0
40595,1,"CEINS","2017-07-04",0
40594,1,"CEINS","2017-07-03",0
40593,1,"CEINS","2017-07-02",0
40592,1,"CEINS","2017-07-01",0
40591,1,"CEINS","2017-06-30",0
40590,1,"CEINS","2017-06-29",0
40589,1,"CEINS","2017-06-28",0
40588,1,"CEINS","2017-06-27",0
40587,1,"CEINS","2017-06-26",0
40586,1,"CEINS","2017-06-25",0
40585,1,"CEINS","2017-06-24",0
40584,1,"CEINS","2017-06-23",0
40583,1,"CEINS","2017-06-22",0
40582,1,"CEINS","2017-06-21",0
40581,1,"CEINS","2017-06-20",0
40580,1,"CEINS","2017-06-19",0
40579,1,"CEINS","2017-06-18",0
40578,1,"CEINS","2017-06-17",0
40577,1,"CEINS","2017-06-16",0
40576,1,"CEINS","2017-06-15",0
40575,1,"CEINS","2017-06-14",0
40574,1,"CEINS","2017-06-13",0
40573,1,"CEINS","2017-06-12",0
40572,1,"CEINS","2017-06-11",0
40571,1,"CEINS","2017-06-10",0
40570,1,"CEINS","2017-06-09",0
40569,1,"CEINS","2017-06-08",0
40568,1,"CEINS","2017-06-07",0
40567,1,"CEINS","2017-06-06",0
40566,1,"CEINS","2017-06-05",0
40565,1,"CEINS","2017-06-04",0
40564,1,"CEINS","2017-06-03",0
40563,1,"CEINS","2017-06-02",0
40562,1,"CEINS","2017-06-01",0
40561,1,"CEINS","2017-05-31",0
40560,1,"CEINS","2017-05-30",0
40559,1,"CEINS","2017-05-29",0
40558,1,"CEINS","2017-05-28",0
40557,1,"CEINS","2017-05-27",0
40556,1,"CEINS","2017-05-26",0
40555,1,"CEINS","2017-05-25",0
40554,1,"CEINS","2017-05-24",0
40553,1,"CEINS","2017-05-23",0
40552,1,"CEINS","2017-05-22",0
40551,1,"CEINS","2017-05-21",0
40550,1,"CEINS","2017-05-20",0
40549,1,"CEINS","2017-05-19",0
40548,1,"CEINS","2017-05-18",0
40547,1,"CEINS","2017-05-17",0
40546,1,"CEINS","2017-05-16",0
40545,1,"CEINS","2017-05-15",0
40544,1,"CEINS","2017-05-14",0
40543,1,"CEINS","2017-05-13",0
40542,1,"CEINS","2017-05-12",0
40541,1,"CEINS","2017-05-11",0
40540,1,"CEINS","2017-05-10",0
40539,1,"CEINS","2017-05-09",0
40538,1,"CEINS","2017-05-08",0
40537,1,"CEINS","2017-05-07",0
40536,1,"CEINS","2017-05-06",0
40535,1,"CEINS","2017-05-05",0
40534,1,"CEINS","2017-05-04",0
40533,1,"CEINS","2017-05-03",0
40532,1,"CEINS","2017-05-02",0
40531,1,"CEINS","2017-05-01",0
40530,1,"CEINS","2017-04-30",0
40529,1,"CEINS","2017-04-29",0
40528,1,"CEINS","2017-04-28",0
40527,1,"CEINS","2017-04-27",0
40526,1,"CEINS","2017-04-26",0
40525,1,"CEINS","2017-04-25",0
40524,1,"CEINS","2017-04-24",0
40523,1,"CEINS","2017-04-23",0
40522,1,"CEINS","2017-04-22",0
40521,1,"CEINS","2017-04-21",0
40520,1,"CEINS","2017-04-20",0
40519,1,"CEINS","2017-04-19",0
40518,1,"CEINS","2017-04-18",0
40517,1,"CEINS","2017-04-17",0
40516,1,"CEINS","2017-04-16",0
40515,1,"CEINS","2017-04-15",0
40514,1,"CEINS","2017-04-14",0
40513,1,"CEINS","2017-04-13",0
40512,1,"CEINS","2017-04-12",0
40511,1,"CEINS","2017-04-11",0
40510,1,"CEINS","2017-04-10",0
40509,1,"CEINS","2017-04-09",0
40508,1,"CEINS","2017-04-08",0
40507,1,"CEINS","2017-04-07",0
40506,1,"CEINS","2017-04-06",0
40505,1,"CEINS","2017-04-05",0
40504,1,"CEINS","2017-04-04",0
40503,1,"CEINS","2017-04-03",0
40502,1,"CEINS","2017-04-02",0
40501,1,"CEINS","2017-04-01",0
40500,1,"CEINS","2017-03-31",0
40499,1,"CEINS","2017-03-30",0
40498,1,"CEINS","2017-03-29",0
40497,1,"CEINS","2017-03-28",0
40496,1,"CEINS","2017-03-27",0
40495,1,"CEINS","2017-03-26",0
40494,1,"CEINS","2017-03-25",0
40493,1,"CEINS","2017-03-24",0
40492,1,"CEINS","2017-03-23",0
40491,1,"CEINS","2017-03-22",0
40490,1,"CEINS","2017-03-21",0
40489,1,"CEINS","2017-03-20",0
40488,1,"CEINS","2017-03-19",0
40487,1,"CEINS","2017-03-18",0
40486,1,"CEINS","2017-03-17",0
40485,1,"CEINS","2017-03-16",0
40484,1,"CEINS","2017-03-15",0
40483,1,"CEINS","2017-03-14",0
40482,1,"CEINS","2017-03-13",0
40481,1,"CEINS","2017-03-12",0
40480,1,"CEINS","2017-03-11",0
40479,1,"CEINS","2017-03-10",0
40478,1,"CEINS","2017-03-09",0
40477,1,"CEINS","2017-03-08",0
40476,1,"CEINS","2017-03-07",0
40475,1,"CEINS","2017-03-06",0
40474,1,"CEINS","2017-03-05",0
40473,1,"CEINS","2017-03-04",0
40472,1,"CEINS","2017-03-03",0
40471,1,"CEINS","2017-03-02",0
40470,1,"CEINS","2017-03-01",0
40469,1,"CEINS","2017-02-28",0
40468,1,"CEINS","2017-02-27",0
40467,1,"CEINS","2017-02-26",0
40466,1,"CEINS","2017-02-25",0
40465,1,"CEINS","2017-02-24",0
40464,1,"CEINS","2017-02-23",0
40463,1,"CEINS","2017-02-22",0
40462,1,"CEINS","2017-02-21",0
40461,1,"CEINS","2017-02-20",0
40460,1,"CEINS","2017-02-19",0
40459,1,"CEINS","2017-02-18",0
40458,1,"CEINS","2017-02-17",0
40457,1,"CEINS","2017-02-16",0
40456,1,"CEINS","2017-02-15",0
40455,1,"CEINS","2017-02-14",0
40454,1,"CEINS","2017-02-13",0
40453,1,"CEINS","2017-02-12",0
40452,1,"CEINS","2017-02-11",0
40451,1,"CEINS","2017-02-10",0
40450,1,"CEINS","2017-02-09",0
40449,1,"CEINS","2017-02-08",0
40448,1,"CEINS","2017-02-07",0
40447,1,"CEINS","2017-02-06",0
40446,1,"CEINS","2017-02-05",0
40445,1,"CEINS","2017-02-04",0
40444,1,"CEINS","2017-02-03",0
40443,1,"CEINS","2017-02-02",0
40442,1,"CEINS","2017-02-01",0
40441,1,"CEINS","2017-01-31",0
40440,1,"CEINS","2017-01-30",0
40439,1,"CEINS","2017-01-29",0
40438,1,"CEINS","2017-01-28",0
40437,1,"CEINS","2017-01-27",0
40436,1,"CEINS","2017-01-26",0
40435,1,"CEINS","2017-01-25",0
40434,1,"CEINS","2017-01-24",0
40433,1,"CEINS","2017-01-23",0
40432,1,"CEINS","2017-01-22",0
40431,1,"CEINS","2017-01-21",0
40430,1,"CEINS","2017-01-20",0
40429,1,"CEINS","2017-01-19",0
40428,1,"CEINS","2017-01-18",0
40427,1,"CEINS","2017-01-17",0
40426,1,"CEINS","2017-01-16",0
40425,1,"CEINS","2017-01-15",0
40424,1,"CEINS","2017-01-14",0
40423,1,"CEINS","2017-01-13",0
40422,1,"CEINS","2017-01-12",0
40421,1,"CEINS","2017-01-11",0
40420,1,"CEINS","2017-01-10",0
40419,1,"CEINS","2017-01-09",0
40418,1,"CEINS","2017-01-08",0
40417,1,"CEINS","2017-01-07",0
40416,1,"CEINS","2017-01-06",0
40415,1,"CEINS","2017-01-05",0
40414,1,"CEINS","2017-01-04",0
40413,1,"CEINS","2017-01-03",0
40412,1,"CEINS","2017-01-02",0
40411,1,"CEINS","2017-01-01",0
40410,1,"CEINS","2016-12-31",-2
40409,1,"CEINS","2016-12-30",-2
40408,1,"CEINS","2016-12-29",-2
40407,1,"CEINS","2016-12-28",-2
40406,1,"CEINS","2016-12-27",-2
40405,1,"CEINS","2016-12-26",-2
40404,1,"CEINS","2016-12-25",-2
40403,1,"CEINS","2016-12-24",-2
40402,1,"CEINS","2016-12-23",-2
40401,1,"CEINS","2016-12-22",-2
40400,1,"CEINS","2016-12-21",-2
40399,1,"CEINS","2016-12-20",-2
40398,1,"CEINS","2016-12-19",0
40397,1,"CEINS","2016-12-18",0
40396,1,"CEINS","2016-12-17",0
40395,1,"CEINS","2016-12-16",0
40394,1,"CEINS","2016-12-15",0
40393,1,"CEINS","2016-12-14",0
40392,1,"CEINS","2016-12-13",0
40391,1,"CEINS","2016-12-12",0
40390,1,"CEINS","2016-12-11",0
40389,1,"CEINS","2016-12-10",0
40388,1,"CEINS","2016-12-09",0
40387,1,"CEINS","2016-12-08",0
40386,1,"CEINS","2016-12-07",0
40385,1,"CEINS","2016-12-06",0
40384,1,"CEINS","2016-12-05",0
40383,1,"CEINS","2016-12-04",0
40382,1,"CEINS","2016-12-03",0
40381,1,"CEINS","2016-12-02",0
40380,1,"CEINS","2016-12-01",0
40379,1,"CEINS","2016-11-30",0
40378,1,"CEINS","2016-11-29",0
40377,1,"CEINS","2016-11-28",0
40376,1,"CEINS","2016-11-27",0
40375,1,"CEINS","2016-11-26",0
40374,1,"CEINS","2016-11-25",0
40373,1,"CEINS","2016-11-24",0
40372,1,"CEINS","2016-11-23",0
40371,1,"CEINS","2016-11-22",0
40370,1,"CEINS","2016-11-21",-2
40369,1,"CEINS","2016-11-20",0
40368,1,"CEINS","2016-11-19",0
40367,1,"CEINS","2016-11-18",0
40366,1,"CEINS","2016-11-17",0
40365,1,"CEINS","2016-11-16",0
40364,1,"CEINS","2016-11-15",0
40363,1,"CEINS","2016-11-14",0
40362,1,"CEINS","2016-11-13",0
40361,1,"CEINS","2016-11-12",0
40360,1,"CEINS","2016-11-11",0
40359,1,"CEINS","2016-11-10",0
40358,1,"CEINS","2016-11-09",0
40357,1,"CEINS","2016-11-08",0
40356,1,"CEINS","2016-11-07",0
40355,1,"CEINS","2016-11-06",0
40354,1,"CEINS","2016-11-05",0
40353,1,"CEINS","2016-11-04",0
40352,1,"CEINS","2016-11-03",0
40351,1,"CEINS","2016-11-02",0
40350,1,"CEINS","2016-11-01",0
40349,1,"CEINS","2016-10-31",0
40348,1,"CEINS","2016-10-30",0
40347,1,"CEINS","2016-10-29",0
40346,1,"CEINS","2016-10-28",0
40345,1,"CEINS","2016-10-27",0
40344,1,"CEINS","2016-10-26",0
40343,1,"CEINS","2016-10-25",0
40342,1,"CEINS","2016-10-24",0
40341,1,"CEINS","2016-10-23",0
40340,1,"CEINS","2016-10-22",0
40339,1,"CEINS","2016-10-21",0
40338,1,"CEINS","2016-10-20",0
40337,1,"CEINS","2016-10-19",0
40336,1,"CEINS","2016-10-18",0
40335,1,"CEINS","2016-10-17",0
40334,1,"CEINS","2016-10-16",0
40333,1,"CEINS","2016-10-15",0
40332,1,"CEINS","2016-10-14",0
40331,1,"CEINS","2016-10-13",0
40330,1,"CEINS","2016-10-12",0
40329,1,"CEINS","2016-10-11",0
40328,1,"CEINS","2016-10-10",0
40327,1,"CEINS","2016-10-09",0
40326,1,"CEINS","2016-10-08",0
40325,1,"CEINS","2016-10-07",0
40324,1,"CEINS","2016-10-06",0
40323,1,"CEINS","2016-10-05",0
40322,1,"CEINS","2016-10-04",0
40321,1,"CEINS","2016-10-03",0
40320,1,"CEINS","2016-10-02",0
40319,1,"CEINS","2016-10-01",0
40318,1,"CEINS","2016-09-30",0
40317,1,"CEINS","2016-09-29",0
40316,1,"CEINS","2016-09-28",0
40315,1,"CEINS","2016-09-27",0
40314,1,"CEINS","2016-09-26",0
40313,1,"CEINS","2016-09-25",0
40312,1,"CEINS","2016-09-24",0
40311,1,"CEINS","2016-09-23",0
40310,1,"CEINS","2016-09-22",0
40309,1,"CEINS","2016-09-21",0
40308,1,"CEINS","2016-09-20",0
40307,1,"CEINS","2016-09-19",0
40306,1,"CEINS","2016-09-18",0
40305,1,"CEINS","2016-09-17",0
40304,1,"CEINS","2016-09-16",-2
40303,1,"CEINS","2016-09-15",-2
40302,1,"CEINS","2016-09-14",-2
40301,1,"CEINS","2016-09-13",-2
40300,1,"CEINS","2016-09-12",-2
40299,1,"CEINS","2016-09-11",0
40298,1,"CEINS","2016-09-10",0
40297,1,"CEINS","2016-09-09",0
40296,1,"CEINS","2016-09-08",0
40295,1,"CEINS","2016-09-07",0
40294,1,"CEINS","2016-09-06",0
40293,1,"CEINS","2016-09-05",0
40292,1,"CEINS","2016-09-04",0
40291,1,"CEINS","2016-09-03",0
40290,1,"CEINS","2016-09-02",0
40289,1,"CEINS","2016-09-01",0
40288,1,"CEINS","2016-08-31",0
40287,1,"CEINS","2016-08-30",0
40286,1,"CEINS","2016-08-29",0
40285,1,"CEINS","2016-08-28",0
40284,1,"CEINS","2016-08-27",1
40283,1,"CEINS","2016-08-26",0
40282,1,"CEINS","2016-08-25",0
40281,1,"CEINS","2016-08-24",0
40280,1,"CEINS","2016-08-23",0
40279,1,"CEINS","2016-08-22",0
40278,1,"CEINS","2016-08-21",0
40277,1,"CEINS","2016-08-20",0
40276,1,"CEINS","2016-08-19",0
40275,1,"CEINS","2016-08-18",0
40274,1,"CEINS","2016-08-17",0
40273,1,"CEINS","2016-08-16",0
40272,1,"CEINS","2016-08-15",0
40271,1,"CEINS","2016-08-14",0
40270,1,"CEINS","2016-08-13",0
40269,1,"CEINS","2016-08-12",0
40268,1,"CEINS","2016-08-11",0
40267,1,"CEINS","2016-08-10",0
40266,1,"CEINS","2016-08-09",0
40265,1,"CEINS","2016-08-08",0
40264,1,"CEINS","2016-08-07",0
40263,1,"CEINS","2016-08-06",0
40262,1,"CEINS","2016-08-05",0
40261,1,"CEINS","2016-08-04",0
40260,1,"CEINS","2016-08-03",0
40259,1,"CEINS","2016-08-02",0
40258,1,"CEINS","2016-08-01",0
40257,1,"CEINS","2016-07-31",0
40256,1,"CEINS","2016-07-30",0
40255,1,"CEINS","2016-07-29",0
40254,1,"CEINS","2016-07-28",0
40253,1,"CEINS","2016-07-27",0
40252,1,"CEINS","2016-07-26",0
40251,1,"CEINS","2016-07-25",0
40250,1,"CEINS","2016-07-24",0
40249,1,"CEINS","2016-07-23",0
40248,1,"CEINS","2016-07-22",0
40247,1,"CEINS","2016-07-21",0
40246,1,"CEINS","2016-07-20",0
40245,1,"CEINS","2016-07-19",0
40244,1,"CEINS","2016-07-18",0
40243,1,"CEINS","2016-07-17",0
40242,1,"CEINS","2016-07-16",0
40241,1,"CEINS","2016-07-15",0
40240,1,"CEINS","2016-07-14",0
40239,1,"CEINS","2016-07-13",0
40238,1,"CEINS","2016-07-12",0
40237,1,"CEINS","2016-07-11",0
40236,1,"CEINS","2016-07-10",0
40235,1,"CEINS","2016-07-09",0
40234,1,"CEINS","2016-07-08",0
40233,1,"CEINS","2016-07-07",0
40232,1,"CEINS","2016-07-06",0
40231,1,"CEINS","2016-07-05",0
40230,1,"CEINS","2016-07-04",0
40229,1,"CEINS","2016-07-03",0
40228,1,"CEINS","2016-07-02",0
40227,1,"CEINS","2016-07-01",0
40226,1,"CEINS","2016-06-30",0
40225,1,"CEINS","2016-06-29",0
40224,1,"CEINS","2016-06-28",0
40223,1,"CEINS","2016-06-27",0
40222,1,"CEINS","2016-06-26",0
40221,1,"CEINS","2016-06-25",0
40220,1,"CEINS","2016-06-24",0
40219,1,"CEINS","2016-06-23",0
40218,1,"CEINS","2016-06-22",0
40217,1,"CEINS","2016-06-21",0
40216,1,"CEINS","2016-06-20",0
40215,1,"CEINS","2016-06-19",0
40214,1,"CEINS","2016-06-18",0
40213,1,"CEINS","2016-06-17",0
40212,1,"CEINS","2016-06-16",0
40211,1,"CEINS","2016-06-15",0
40210,1,"CEINS","2016-06-14",0
40209,1,"CEINS","2016-06-13",0
40208,1,"CEINS","2016-06-12",0
40207,1,"CEINS","2016-06-11",0
40206,1,"CEINS","2016-06-10",0
40205,1,"CEINS","2016-06-09",0
40204,1,"CEINS","2016-06-08",0
40203,1,"CEINS","2016-06-07",0
40202,1,"CEINS","2016-06-06",0
40201,1,"CEINS","2016-06-05",0
40200,1,"CEINS","2016-06-04",0
40199,1,"CEINS","2016-06-03",0
40198,1,"CEINS","2016-06-02",0
40197,1,"CEINS","2016-06-01",0
40196,1,"CEINS","2016-05-31",0
40195,1,"CEINS","2016-05-30",0
40194,1,"CEINS","2016-05-29",0
40193,1,"CEINS","2016-05-28",0
40192,1,"CEINS","2016-05-27",0
40191,1,"CEINS","2016-05-26",0
40190,1,"CEINS","2016-05-25",0
40189,1,"CEINS","2016-05-24",0
40188,1,"CEINS","2016-05-23",0
40187,1,"CEINS","2016-05-22",0
40186,1,"CEINS","2016-05-21",0
40185,1,"CEINS","2016-05-20",0
40184,1,"CEINS","2016-05-19",0
40183,1,"CEINS","2016-05-18",0
40182,1,"CEINS","2016-05-17",0
40181,1,"CEINS","2016-05-16",0
40180,1,"CEINS","2016-05-15",0
40179,1,"CEINS","2016-05-14",0
40178,1,"CEINS","2016-05-13",0
40177,1,"CEINS","2016-05-12",0
40176,1,"CEINS","2016-05-11",0
40175,1,"CEINS","2016-05-10",0
40174,1,"CEINS","2016-05-09",0
40173,1,"CEINS","2016-05-08",0
40172,1,"CEINS","2016-05-07",0
40171,1,"CEINS","2016-05-06",0
40170,1,"CEINS","2016-05-05",0
40169,1,"CEINS","2016-05-04",0
40168,1,"CEINS","2016-05-03",0
40167,1,"CEINS","2016-05-02",0
40166,1,"CEINS","2016-05-01",-2
40165,1,"CEINS","2016-04-30",0
40164,1,"CEINS","2016-04-29",0
40163,1,"CEINS","2016-04-28",0
40162,1,"CEINS","2016-04-27",0
40161,1,"CEINS","2016-04-26",0
40160,1,"CEINS","2016-04-25",0
40159,1,"CEINS","2016-04-24",0
40158,1,"CEINS","2016-04-23",0
40157,1,"CEINS","2016-04-22",0
40156,1,"CEINS","2016-04-21",0
40155,1,"CEINS","2016-04-20",0
40154,1,"CEINS","2016-04-19",0
40153,1,"CEINS","2016-04-18",0
40152,1,"CEINS","2016-04-17",0
40151,1,"CEINS","2016-04-16",0
40150,1,"CEINS","2016-04-15",0
40149,1,"CEINS","2016-04-14",0
40148,1,"CEINS","2016-04-13",0
40147,1,"CEINS","2016-04-12",0
40146,1,"CEINS","2016-04-11",0
40145,1,"CEINS","2016-04-10",0
40144,1,"CEINS","2016-04-09",0
40143,1,"CEINS","2016-04-08",0
40142,1,"CEINS","2016-04-07",0
40141,1,"CEINS","2016-04-06",0
40140,1,"CEINS","2016-04-05",0
40139,1,"CEINS","2016-04-04",0
40138,1,"CEINS","2016-04-03",0
40137,1,"CEINS","2016-04-02",0
40136,1,"CEINS","2016-04-01",0
40135,1,"CEINS","2016-03-31",0
40134,1,"CEINS","2016-03-30",0
40133,1,"CEINS","2016-03-29",0
40132,1,"CEINS","2016-03-28",0
40131,1,"CEINS","2016-03-27",-2
40130,1,"CEINS","2016-03-26",-2
40129,1,"CEINS","2016-03-25",-2
40128,1,"CEINS","2016-03-24",-2
40127,1,"CEINS","2016-03-23",-2
40126,1,"CEINS","2016-03-22",-2
40125,1,"CEINS","2016-03-21",-2
40124,1,"CEINS","2016-03-20",-2
40123,1,"CEINS","2016-03-19",-2
40122,1,"CEINS","2016-03-18",-2
40121,1,"CEINS","2016-03-17",0
40120,1,"CEINS","2016-03-16",0
40119,1,"CEINS","2016-03-15",0
40118,1,"CEINS","2016-03-14",0
40117,1,"CEINS","2016-03-13",0
40116,1,"CEINS","2016-03-12",0
40115,1,"CEINS","2016-03-11",0
40114,1,"CEINS","2016-03-10",0
40113,1,"CEINS","2016-03-09",0
40112,1,"CEINS","2016-03-08",0
40111,1,"CEINS","2016-03-07",0
40110,1,"CEINS","2016-03-06",0
40109,1,"CEINS","2016-03-05",0
40108,1,"CEINS","2016-03-04",0
40107,1,"CEINS","2016-03-03",0
40106,1,"CEINS","2016-03-02",0
40105,1,"CEINS","2016-03-01",0
40104,1,"CEINS","2016-02-29",0
40103,1,"CEINS","2016-02-28",0
40102,1,"CEINS","2016-02-27",0
40101,1,"CEINS","2016-02-26",0
40100,1,"CEINS","2016-02-25",0
40099,1,"CEINS","2016-02-24",0
40098,1,"CEINS","2016-02-23",0
40097,1,"CEINS","2016-02-22",0
40096,1,"CEINS","2016-02-21",0
40095,1,"CEINS","2016-02-20",0
40094,1,"CEINS","2016-02-19",0
40093,1,"CEINS","2016-02-18",0
40092,1,"CEINS","2016-02-17",0
40091,1,"CEINS","2016-02-16",0
40090,1,"CEINS","2016-02-15",0
40089,1,"CEINS","2016-02-14",2
40088,1,"CEINS","2016-02-13",2
40087,1,"CEINS","2016-02-12",2
40086,1,"CEINS","2016-02-11",0
40085,1,"CEINS","2016-02-10",0
40084,1,"CEINS","2016-02-09",0
40083,1,"CEINS","2016-02-08",0
40082,1,"CEINS","2016-02-07",0
40081,1,"CEINS","2016-02-06",0
40080,1,"CEINS","2016-02-05",0
40079,1,"CEINS","2016-02-04",0
40078,1,"CEINS","2016-02-03",0
40077,1,"CEINS","2016-02-02",0
40076,1,"CEINS","2016-02-01",-2
40075,1,"CEINS","2016-01-31",0
40074,1,"CEINS","2016-01-30",0
40073,1,"CEINS","2016-01-29",0
40072,1,"CEINS","2016-01-28",0
40071,1,"CEINS","2016-01-27",0
40070,1,"CEINS","2016-01-26",0
40069,1,"CEINS","2016-01-25",0
40068,1,"CEINS","2016-01-24",0
40067,1,"CEINS","2016-01-23",0
40066,1,"CEINS","2016-01-22",0
40065,1,"CEINS","2016-01-21",0
40064,1,"CEINS","2016-01-20",0
40063,1,"CEINS","2016-01-19",0
40062,1,"CEINS","2016-01-18",0
40061,1,"CEINS","2016-01-17",0
40060,1,"CEINS","2016-01-16",0
40059,1,"CEINS","2016-01-15",0
40058,1,"CEINS","2016-01-14",0
40057,1,"CEINS","2016-01-13",0
40056,1,"CEINS","2016-01-12",0
40055,1,"CEINS","2016-01-11",-2
40054,1,"CEINS","2016-01-10",-2
40053,1,"CEINS","2016-01-09",-2
40052,1,"CEINS","2016-01-08",-2
40051,1,"CEINS","2016-01-07",-2
40050,1,"CEINS","2016-01-06",-2
40049,1,"CEINS","2016-01-05",-2
40048,1,"CEINS","2016-01-04",-2
40047,1,"CEINS","2016-01-03",-2
40046,1,"CEINS","2016-01-02",-2
40045,1,"CEINS","2016-01-01",-2
40044,1,"CEINS","2015-12-31",-2
40043,1,"CEINS","2015-12-30",-2
40042,1,"CEINS","2015-12-29",-2
40041,1,"CEINS","2015-12-28",-2
40040,1,"CEINS","2015-12-27",-2
40039,1,"CEINS","2015-12-26",-2
40038,1,"CEINS","2015-12-25",-2
40037,1,"CEINS","2015-12-24",-2
40036,1,"CEINS","2015-12-23",-2
40035,1,"CEINS","2015-12-22",-2
40034,1,"CEINS","2015-12-21",-2
40033,1,"CEINS","2015-12-20",-2
40032,1,"CEINS","2015-12-19",0
40031,1,"CEINS","2015-12-18",0
40030,1,"CEINS","2015-12-17",0
40029,1,"CEINS","2015-12-16",0
40028,1,"CEINS","2015-12-15",0
40027,1,"CEINS","2015-12-14",0
40026,1,"CEINS","2015-12-13",0
40025,1,"CEINS","2015-12-12",0
40024,1,"CEINS","2015-12-11",0
40023,1,"CEINS","2015-12-10",0
40022,1,"CEINS","2015-12-09",0
40021,1,"CEINS","2015-12-08",0
40020,1,"CEINS","2015-12-07",0
40019,1,"CEINS","2015-12-06",0
40018,1,"CEINS","2015-12-05",0
40017,1,"CEINS","2015-12-04",0
40016,1,"CEINS","2015-12-03",0
40015,1,"CEINS","2015-12-02",0
40014,1,"CEINS","2015-12-01",0
40013,1,"CEINS","2015-11-30",0
40012,1,"CEINS","2015-11-29",0
40011,1,"CEINS","2015-11-28",0
40010,1,"CEINS","2015-11-27",0
40009,1,"CEINS","2015-11-26",0
40008,1,"CEINS","2015-11-25",0
40007,1,"CEINS","2015-11-24",0
40006,1,"CEINS","2015-11-23",0
40005,1,"CEINS","2015-11-22",0
40004,1,"CEINS","2015-11-21",0
40003,1,"CEINS","2015-11-20",0
40002,1,"CEINS","2015-11-19",0
40001,1,"CEINS","2015-11-18",0
40000,1,"CEINS","2015-11-17",0
39999,1,"CEINS","2015-11-16",-2
39998,1,"CEINS","2015-11-15",0
39997,1,"CEINS","2015-11-14",0
39996,1,"CEINS","2015-11-13",0
39995,1,"CEINS","2015-11-12",0
39994,1,"CEINS","2015-11-11",0
39993,1,"CEINS","2015-11-10",0
39992,1,"CEINS","2015-11-09",0
39991,1,"CEINS","2015-11-08",0
39990,1,"CEINS","2015-11-07",0
39989,1,"CEINS","2015-11-06",0
39988,1,"CEINS","2015-11-05",0
39987,1,"CEINS","2015-11-04",0
39986,1,"CEINS","2015-11-03",0
39985,1,"CEINS","2015-11-02",0
39984,1,"CEINS","2015-11-01",0
39983,1,"CEINS","2015-10-31",0
39982,1,"CEINS","2015-10-30",0
39981,1,"CEINS","2015-10-29",0
39980,1,"CEINS","2015-10-28",0
39979,1,"CEINS","2015-10-27",0
39978,1,"CEINS","2015-10-26",0
39977,1,"CEINS","2015-10-25",0
39976,1,"CEINS","2015-10-24",0
39975,1,"CEINS","2015-10-23",0
39974,1,"CEINS","2015-10-22",0
39973,1,"CEINS","2015-10-21",0
39972,1,"CEINS","2015-10-20",0
39971,1,"CEINS","2015-10-19",0
39970,1,"CEINS","2015-10-18",0
39969,1,"CEINS","2015-10-17",0
39968,1,"CEINS","2015-10-16",0
39967,1,"CEINS","2015-10-15",0
39966,1,"CEINS","2015-10-14",0
39965,1,"CEINS","2015-10-13",0
39964,1,"CEINS","2015-10-12",0
39963,1,"CEINS","2015-10-11",0
39962,1,"CEINS","2015-10-10",0
39961,1,"CEINS","2015-10-09",0
39960,1,"CEINS","2015-10-08",0
39959,1,"CEINS","2015-10-07",0
39958,1,"CEINS","2015-10-06",0
39957,1,"CEINS","2015-10-05",0
39956,1,"CEINS","2015-10-04",0
39955,1,"CEINS","2015-10-03",0
39954,1,"CEINS","2015-10-02",0
39953,1,"CEINS","2015-10-01",0
39952,1,"CEINS","2015-09-30",0
39951,1,"CEINS","2015-09-29",0
39950,1,"CEINS","2015-09-28",0
39949,1,"CEINS","2015-09-27",0
39948,1,"CEINS","2015-09-26",0
39947,1,"CEINS","2015-09-25",0
39946,1,"CEINS","2015-09-24",0
39945,1,"CEINS","2015-09-23",0
39944,1,"CEINS","2015-09-22",0
39943,1,"CEINS","2015-09-21",0
39942,1,"CEINS","2015-09-20",0
39941,1,"CEINS","2015-09-19",0
39940,1,"CEINS","2015-09-18",0
39939,1,"CEINS","2015-09-17",0
39938,1,"CEINS","2015-09-16",-2
39937,1,"CEINS","2015-09-15",-2
39936,1,"CEINS","2015-09-14",-2
39935,1,"CEINS","2015-09-13",-2
39934,1,"CEINS","2015-09-12",-2
39933,1,"CEINS","2015-09-11",0
39932,1,"CEINS","2015-09-10",0
39931,1,"CEINS","2015-09-09",0
39930,1,"CEINS","2015-09-08",0
39929,1,"CEINS","2015-09-07",0
39928,1,"CEINS","2015-09-06",0
39927,1,"CEINS","2015-09-05",0
39926,1,"CEINS","2015-09-04",0
39925,1,"CEINS","2015-09-03",0
39924,1,"CEINS","2015-09-02",0
39923,1,"CEINS","2015-09-01",0
39922,1,"CEINS","2015-08-31",0
39921,1,"CEINS","2015-08-30",0
39920,1,"CEINS","2015-08-29",1
39919,1,"CEINS","2015-08-28",0
39918,1,"CEINS","2015-08-27",0
39917,1,"CEINS","2015-08-26",0
39916,1,"CEINS","2015-08-25",0
39915,1,"CEINS","2015-08-24",0
39914,1,"CEINS","2015-08-23",0
39913,1,"CEINS","2015-08-22",0
39912,1,"CEINS","2015-08-21",0
39911,1,"CEINS","2015-08-20",0
39910,1,"CEINS","2015-08-19",0
39909,1,"CEINS","2015-08-18",0
39908,1,"CEINS","2015-08-17",0
39907,1,"CEINS","2015-08-16",0
39906,1,"CEINS","2015-08-15",0
39905,1,"CEINS","2015-08-14",0
39904,1,"CEINS","2015-08-13",0
39903,1,"CEINS","2015-08-12",0
39902,1,"CEINS","2015-08-11",0
39901,1,"CEINS","2015-08-10",0
39900,1,"CEINS","2015-08-09",0
39899,1,"CEINS","2015-08-08",0
39898,1,"CEINS","2015-08-07",0
39897,1,"CEINS","2015-08-06",0
39896,1,"CEINS","2015-08-05",0
39895,1,"CEINS","2015-08-04",0
39894,1,"CEINS","2015-08-03",0
39893,1,"CEINS","2015-08-02",0
39892,1,"CEINS","2015-08-01",0
39891,1,"CEINS","2015-07-31",0
39890,1,"CEINS","2015-07-30",0
39889,1,"CEINS","2015-07-29",0
39888,1,"CEINS","2015-07-28",0
39887,1,"CEINS","2015-07-27",0
39886,1,"CEINS","2015-07-26",0
39885,1,"CEINS","2015-07-25",0
39884,1,"CEINS","2015-07-24",0
39883,1,"CEINS","2015-07-23",0
39882,1,"CEINS","2015-07-22",0
39881,1,"CEINS","2015-07-21",0
39880,1,"CEINS","2015-07-20",0
39879,1,"CEINS","2015-07-19",0
39878,1,"CEINS","2015-07-18",0
39877,1,"CEINS","2015-07-17",0
39876,1,"CEINS","2015-07-16",0
39875,1,"CEINS","2015-07-15",0
39874,1,"CEINS","2015-07-14",0
39873,1,"CEINS","2015-07-13",0
39872,1,"CEINS","2015-07-12",0
39871,1,"CEINS","2015-07-11",0
39870,1,"CEINS","2015-07-10",0
39869,1,"CEINS","2015-07-09",0
39868,1,"CEINS","2015-07-08",0
39867,1,"CEINS","2015-07-07",0
39866,1,"CEINS","2015-07-06",0
39865,1,"CEINS","2015-07-05",0
39864,1,"CEINS","2015-07-04",0
39863,1,"CEINS","2015-07-03",0
39862,1,"CEINS","2015-07-02",0
39861,1,"CEINS","2015-07-01",0
39860,1,"CEINS","2015-06-30",0
39859,1,"CEINS","2015-06-29",0
39858,1,"CEINS","2015-06-28",0
39857,1,"CEINS","2015-06-27",0
39856,1,"CEINS","2015-06-26",0
39855,1,"CEINS","2015-06-25",0
39854,1,"CEINS","2015-06-24",0
39853,1,"CEINS","2015-06-23",0
39852,1,"CEINS","2015-06-22",0
39851,1,"CEINS","2015-06-21",0
39850,1,"CEINS","2015-06-20",0
39849,1,"CEINS","2015-06-19",0
39848,1,"CEINS","2015-06-18",0
39847,1,"CEINS","2015-06-17",0
39846,1,"CEINS","2015-06-16",0
39845,1,"CEINS","2015-06-15",0
39844,1,"CEINS","2015-06-14",0
39843,1,"CEINS","2015-06-13",0
39842,1,"CEINS","2015-06-12",0
39841,1,"CEINS","2015-06-11",0
39840,1,"CEINS","2015-06-10",0
39839,1,"CEINS","2015-06-09",0
39838,1,"CEINS","2015-06-08",0
39837,1,"CEINS","2015-06-07",0
39836,1,"CEINS","2015-06-06",0
39835,1,"CEINS","2015-06-05",0
39834,1,"CEINS","2015-06-04",0
39833,1,"CEINS","2015-06-03",0
39832,1,"CEINS","2015-06-02",0
39831,1,"CEINS","2015-06-01",0
39830,1,"CEINS","2015-05-31",0
39829,1,"CEINS","2015-05-30",0
39828,1,"CEINS","2015-05-29",0
39827,1,"CEINS","2015-05-28",0
39826,1,"CEINS","2015-05-27",0
39825,1,"CEINS","2015-05-26",0
39824,1,"CEINS","2015-05-25",0
39823,1,"CEINS","2015-05-24",0
39822,1,"CEINS","2015-05-23",0
39821,1,"CEINS","2015-05-22",0
39820,1,"CEINS","2015-05-21",0
39819,1,"CEINS","2015-05-20",0
39818,1,"CEINS","2015-05-19",0
39817,1,"CEINS","2015-05-18",0
39816,1,"CEINS","2015-05-17",0
39815,1,"CEINS","2015-05-16",0
39814,1,"CEINS","2015-05-15",0
39813,1,"CEINS","2015-05-14",0
39812,1,"CEINS","2015-05-13",0
39811,1,"CEINS","2015-05-12",0
39810,1,"CEINS","2015-05-11",0
39809,1,"CEINS","2015-05-10",0
39808,1,"CEINS","2015-05-09",0
39807,1,"CEINS","2015-05-08",0
39806,1,"CEINS","2015-05-07",0
39805,1,"CEINS","2015-05-06",0
39804,1,"CEINS","2015-05-05",0
39803,1,"CEINS","2015-05-04",0
39802,1,"CEINS","2015-05-03",0
39801,1,"CEINS","2015-05-02",0
39800,1,"CEINS","2015-05-01",-2
39799,1,"CEINS","2015-04-30",0
39798,1,"CEINS","2015-04-29",0
39797,1,"CEINS","2015-04-28",0
39796,1,"CEINS","2015-04-27",0
39795,1,"CEINS","2015-04-26",0
39794,1,"CEINS","2015-04-25",0
39793,1,"CEINS","2015-04-24",0
39792,1,"CEINS","2015-04-23",0
39791,1,"CEINS","2015-04-22",0
39790,1,"CEINS","2015-04-21",0
39789,1,"CEINS","2015-04-20",0
39788,1,"CEINS","2015-04-19",0
39787,1,"CEINS","2015-04-18",0
39786,1,"CEINS","2015-04-17",0
39785,1,"CEINS","2015-04-16",0
39784,1,"CEINS","2015-04-15",0
39783,1,"CEINS","2015-04-14",0
39782,1,"CEINS","2015-04-13",0
39781,1,"CEINS","2015-04-12",0
39780,1,"CEINS","2015-04-11",0
39779,1,"CEINS","2015-04-10",0
39778,1,"CEINS","2015-04-09",0
39777,1,"CEINS","2015-04-08",0
39776,1,"CEINS","2015-04-07",0
39775,1,"CEINS","2015-04-06",0
39774,1,"CEINS","2015-04-05",-2
39773,1,"CEINS","2015-04-04",-2
39772,1,"CEINS","2015-04-03",-2
39771,1,"CEINS","2015-04-02",-2
39770,1,"CEINS","2015-04-01",-2
39769,1,"CEINS","2015-03-31",-2
39768,1,"CEINS","2015-03-30",-2
39767,1,"CEINS","2015-03-29",-2
39766,1,"CEINS","2015-03-28",-2
39765,1,"CEINS","2015-03-27",-2
39764,1,"CEINS","2015-03-26",0
39763,1,"CEINS","2015-03-25",0
39762,1,"CEINS","2015-03-24",0
39761,1,"CEINS","2015-03-23",0
39760,1,"CEINS","2015-03-22",0
39759,1,"CEINS","2015-03-21",0
39758,1,"CEINS","2015-03-20",0
39757,1,"CEINS","2015-03-19",0
39756,1,"CEINS","2015-03-18",0
39755,1,"CEINS","2015-03-17",0
39754,1,"CEINS","2015-03-16",-2
39753,1,"CEINS","2015-03-15",0
39752,1,"CEINS","2015-03-14",0
39751,1,"CEINS","2015-03-13",0
39750,1,"CEINS","2015-03-12",0
39749,1,"CEINS","2015-03-11",0
39748,1,"CEINS","2015-03-10",0
39747,1,"CEINS","2015-03-09",0
39746,1,"CEINS","2015-03-08",0
39745,1,"CEINS","2015-03-07",0
39744,1,"CEINS","2015-03-06",0
39743,1,"CEINS","2015-03-05",0
39742,1,"CEINS","2015-03-04",0
39741,1,"CEINS","2015-03-03",0
39740,1,"CEINS","2015-03-02",0
39739,1,"CEINS","2015-03-01",0
39738,1,"CEINS","2015-02-28",0
39737,1,"CEINS","2015-02-27",0
39736,1,"CEINS","2015-02-26",0
39735,1,"CEINS","2015-02-25",0
39734,1,"CEINS","2015-02-24",0
39733,1,"CEINS","2015-02-23",0
39732,1,"CEINS","2015-02-22",0
39731,1,"CEINS","2015-02-21",0
39730,1,"CEINS","2015-02-20",0
39729,1,"CEINS","2015-02-19",0
39728,1,"CEINS","2015-02-18",0
39727,1,"CEINS","2015-02-17",0
39726,1,"CEINS","2015-02-16",0
39725,1,"CEINS","2015-02-15",2
39724,1,"CEINS","2015-02-14",2
39723,1,"CEINS","2015-02-13",2
39722,1,"CEINS","2015-02-12",0
39721,1,"CEINS","2015-02-11",0
39720,1,"CEINS","2015-02-10",0
39719,1,"CEINS","2015-02-09",0
39718,1,"CEINS","2015-02-08",0
39717,1,"CEINS","2015-02-07",0
39716,1,"CEINS","2015-02-06",0
39715,1,"CEINS","2015-02-05",0
39714,1,"CEINS","2015-02-04",0
39713,1,"CEINS","2015-02-03",0
39712,1,"CEINS","2015-02-02",-2
39711,1,"CEINS","2015-02-01",0
39710,1,"CEINS","2015-01-31",0
39709,1,"CEINS","2015-01-30",0
39708,1,"CEINS","2015-01-29",0
39707,1,"CEINS","2015-01-28",0
39706,1,"CEINS","2015-01-27",0
39705,1,"CEINS","2015-01-26",0
39704,1,"CEINS","2015-01-25",0
39703,1,"CEINS","2015-01-24",0
39702,1,"CEINS","2015-01-23",0
39701,1,"CEINS","2015-01-22",0
39700,1,"CEINS","2015-01-21",0
39699,1,"CEINS","2015-01-20",0
39698,1,"CEINS","2015-01-19",0
39697,1,"CEINS","2015-01-18",0
39696,1,"CEINS","2015-01-17",0
39695,1,"CEINS","2015-01-16",0
39694,1,"CEINS","2015-01-15",0
39693,1,"CEINS","2015-01-14",0
39692,1,"CEINS","2015-01-13",0
39691,1,"CEINS","2015-01-12",0
39690,1,"CEINS","2015-01-11",-2
39689,1,"CEINS","2015-01-10",-2
39688,1,"CEINS","2015-01-09",-2
39687,1,"CEINS","2015-01-08",-2
39686,1,"CEINS","2015-01-07",-2
39685,1,"CEINS","2015-01-06",-2
39684,1,"CEINS","2015-01-05",-2
39683,1,"CEINS","2015-01-04",-2
39682,1,"CEINS","2015-01-03",-2
39681,1,"CEINS","2015-01-02",-2
39680,1,"CEINS","2015-01-01",-2
39679,1,"CEINS","2014-12-31",-2
39678,1,"CEINS","2014-12-30",-2
39677,1,"CEINS","2014-12-29",-2
39676,1,"CEINS","2014-12-28",-2
39675,1,"CEINS","2014-12-27",-2
39674,1,"CEINS","2014-12-26",-2
39673,1,"CEINS","2014-12-25",-2
39672,1,"CEINS","2014-12-24",-2
39671,1,"CEINS","2014-12-23",-2
39670,1,"CEINS","2014-12-22",-2
39669,1,"CEINS","2014-12-21",-2
39668,1,"CEINS","2014-12-20",-2
39667,1,"CEINS","2014-12-19",0
39666,1,"CEINS","2014-12-18",0
39665,1,"CEINS","2014-12-17",0
39664,1,"CEINS","2014-12-16",0
39663,1,"CEINS","2014-12-15",0
39662,1,"CEINS","2014-12-14",0
39661,1,"CEINS","2014-12-13",0
39660,1,"CEINS","2014-12-12",0
39659,1,"CEINS","2014-12-11",0
39658,1,"CEINS","2014-12-10",0
39657,1,"CEINS","2014-12-09",0
39656,1,"CEINS","2014-12-08",0
39655,1,"CEINS","2014-12-07",0
39654,1,"CEINS","2014-12-06",0
39653,1,"CEINS","2014-12-05",0
39652,1,"CEINS","2014-12-04",0
39651,1,"CEINS","2014-12-03",0
39650,1,"CEINS","2014-12-02",0
39649,1,"CEINS","2014-12-01",0
39648,1,"CEINS","2014-11-30",0
39647,1,"CEINS","2014-11-29",0
39646,1,"CEINS","2014-11-28",0
39645,1,"CEINS","2014-11-27",0
39644,1,"CEINS","2014-11-26",0
39643,1,"CEINS","2014-11-25",0
39642,1,"CEINS","2014-11-24",0
39641,1,"CEINS","2014-11-23",0
39640,1,"CEINS","2014-11-22",0
39639,1,"CEINS","2014-11-21",0
39638,1,"CEINS","2014-11-20",0
39637,1,"CEINS","2014-11-19",0
39636,1,"CEINS","2014-11-18",0
39635,1,"CEINS","2014-11-17",-2
39634,1,"CEINS","2014-11-16",0
39633,1,"CEINS","2014-11-15",0
39632,1,"CEINS","2014-11-14",0
39631,1,"CEINS","2014-11-13",0
39630,1,"CEINS","2014-11-12",0
39629,1,"CEINS","2014-11-11",0
39628,1,"CEINS","2014-11-10",0
39627,1,"CEINS","2014-11-09",0
39626,1,"CEINS","2014-11-08",0
39625,1,"CEINS","2014-11-07",0
39624,1,"CEINS","2014-11-06",0
39623,1,"CEINS","2014-11-05",0
39622,1,"CEINS","2014-11-04",0
39621,1,"CEINS","2014-11-03",0
39620,1,"CEINS","2014-11-02",0
39619,1,"CEINS","2014-11-01",0
39618,1,"CEINS","2014-10-31",0
39617,1,"CEINS","2014-10-30",0
39616,1,"CEINS","2014-10-29",0
39615,1,"CEINS","2014-10-28",0
39614,1,"CEINS","2014-10-27",0
39613,1,"CEINS","2014-10-26",0
39612,1,"CEINS","2014-10-25",0
39611,1,"CEINS","2014-10-24",0
39610,1,"CEINS","2014-10-23",0
39609,1,"CEINS","2014-10-22",0
39608,1,"CEINS","2014-10-21",0
39607,1,"CEINS","2014-10-20",0
39606,1,"CEINS","2014-10-19",0
39605,1,"CEINS","2014-10-18",0
39604,1,"CEINS","2014-10-17",0
39603,1,"CEINS","2014-10-16",0
39602,1,"CEINS","2014-10-15",0
39601,1,"CEINS","2014-10-14",0
39600,1,"CEINS","2014-10-13",0
39599,1,"CEINS","2014-10-12",0
39598,1,"CEINS","2014-10-11",0
39597,1,"CEINS","2014-10-10",0
39596,1,"CEINS","2014-10-09",0
39595,1,"CEINS","2014-10-08",0
39594,1,"CEINS","2014-10-07",0
39593,1,"CEINS","2014-10-06",0
39592,1,"CEINS","2014-10-05",0
39591,1,"CEINS","2014-10-04",0
39590,1,"CEINS","2014-10-03",0
39589,1,"CEINS","2014-10-02",0
39588,1,"CEINS","2014-10-01",0
39587,1,"CEINS","2014-09-30",0
39586,1,"CEINS","2014-09-29",0
39585,1,"CEINS","2014-09-28",0
39584,1,"CEINS","2014-09-27",0
39583,1,"CEINS","2014-09-26",0
39582,1,"CEINS","2014-09-25",0
39581,1,"CEINS","2014-09-24",0
39580,1,"CEINS","2014-09-23",0
39579,1,"CEINS","2014-09-22",0
39578,1,"CEINS","2014-09-21",0
39577,1,"CEINS","2014-09-20",0
39576,1,"CEINS","2014-09-19",0
39575,1,"CEINS","2014-09-18",0
39574,1,"CEINS","2014-09-17",-2
39573,1,"CEINS","2014-09-16",-2
39572,1,"CEINS","2014-09-15",-2
39571,1,"CEINS","2014-09-14",-2
39570,1,"CEINS","2014-09-13",0
39569,1,"CEINS","2014-09-12",0
39568,1,"CEINS","2014-09-11",0
39567,1,"CEINS","2014-09-10",0
39566,1,"CEINS","2014-09-09",0
39565,1,"CEINS","2014-09-08",0
39564,1,"CEINS","2014-09-07",0
39563,1,"CEINS","2014-09-06",0
39562,1,"CEINS","2014-09-05",0
39561,1,"CEINS","2014-09-04",0
39560,1,"CEINS","2014-09-03",0
39559,1,"CEINS","2014-09-02",0
39558,1,"CEINS","2014-09-01",0
39557,1,"CEINS","2014-08-31",0
39556,1,"CEINS","2014-08-30",1
39555,1,"CEINS","2014-08-29",0
39554,1,"CEINS","2014-08-28",0
39553,1,"CEINS","2014-08-27",0
39552,1,"CEINS","2014-08-26",0
39551,1,"CEINS","2014-08-25",0
39550,1,"CEINS","2014-08-24",0
39549,1,"CEINS","2014-08-23",0
39548,1,"CEINS","2014-08-22",0
39547,1,"CEINS","2014-08-21",0
39546,1,"CEINS","2014-08-20",0
39545,1,"CEINS","2014-08-19",0
39544,1,"CEINS","2014-08-18",0
39543,1,"CEINS","2014-08-17",0
39542,1,"CEINS","2014-08-16",0
39541,1,"CEINS","2014-08-15",0
39540,1,"CEINS","2014-08-14",0
39539,1,"CEINS","2014-08-13",0
39538,1,"CEINS","2014-08-12",0
39537,1,"CEINS","2014-08-11",0
39536,1,"CEINS","2014-08-10",0
39535,1,"CEINS","2014-08-09",0
39534,1,"CEINS","2014-08-08",0
39533,1,"CEINS","2014-08-07",0
39532,1,"CEINS","2014-08-06",0
39531,1,"CEINS","2014-08-05",0
39530,1,"CEINS","2014-08-04",0
39529,1,"CEINS","2014-08-03",0
39528,1,"CEINS","2014-08-02",0
39527,1,"CEINS","2014-08-01",0
39526,1,"CEINS","2014-07-31",0
39525,1,"CEINS","2014-07-30",0
39524,1,"CEINS","2014-07-29",0
39523,1,"CEINS","2014-07-28",0
39522,1,"CEINS","2014-07-27",0
39521,1,"CEINS","2014-07-26",0
39520,1,"CEINS","2014-07-25",0
39519,1,"CEINS","2014-07-24",0
39518,1,"CEINS","2014-07-23",0
39517,1,"CEINS","2014-07-22",0
39516,1,"CEINS","2014-07-21",0
39515,1,"CEINS","2014-07-20",0
39514,1,"CEINS","2014-07-19",0
39513,1,"CEINS","2014-07-18",0
39512,1,"CEINS","2014-07-17",0
39511,1,"CEINS","2014-07-16",0
39510,1,"CEINS","2014-07-15",0
39509,1,"CEINS","2014-07-14",0
39508,1,"CEINS","2014-07-13",0
39507,1,"CEINS","2014-07-12",0
39506,1,"CEINS","2014-07-11",0
39505,1,"CEINS","2014-07-10",0
39504,1,"CEINS","2014-07-09",0
39503,1,"CEINS","2014-07-08",0
39502,1,"CEINS","2014-07-07",0
39501,1,"CEINS","2014-07-06",0
39500,1,"CEINS","2014-07-05",0
39499,1,"CEINS","2014-07-04",0
39498,1,"CEINS","2014-07-03",0
39497,1,"CEINS","2014-07-02",0
39496,1,"CEINS","2014-07-01",0
39495,1,"CEINS","2014-06-30",0
39494,1,"CEINS","2014-06-29",0
39493,1,"CEINS","2014-06-28",0
39492,1,"CEINS","2014-06-27",0
39491,1,"CEINS","2014-06-26",0
39490,1,"CEINS","2014-06-25",0
39489,1,"CEINS","2014-06-24",0
39488,1,"CEINS","2014-06-23",0
39487,1,"CEINS","2014-06-22",0
39486,1,"CEINS","2014-06-21",0
39485,1,"CEINS","2014-06-20",0
39484,1,"CEINS","2014-06-19",0
39483,1,"CEINS","2014-06-18",0
39482,1,"CEINS","2014-06-17",0
39481,1,"CEINS","2014-06-16",0
39480,1,"CEINS","2014-06-15",0
39479,1,"CEINS","2014-06-14",0
39478,1,"CEINS","2014-06-13",0
39477,1,"CEINS","2014-06-12",0
39476,1,"CEINS","2014-06-11",0
39475,1,"CEINS","2014-06-10",0
39474,1,"CEINS","2014-06-09",0
39473,1,"CEINS","2014-06-08",0
39472,1,"CEINS","2014-06-07",0
39471,1,"CEINS","2014-06-06",0
39470,1,"CEINS","2014-06-05",0
39469,1,"CEINS","2014-06-04",0
39468,1,"CEINS","2014-06-03",0
39467,1,"CEINS","2014-06-02",0
39466,1,"CEINS","2014-06-01",0
39465,1,"CEINS","2014-05-31",0
39464,1,"CEINS","2014-05-30",0
39463,1,"CEINS","2014-05-29",0
39462,1,"CEINS","2014-05-28",0
39461,1,"CEINS","2014-05-27",0
39460,1,"CEINS","2014-05-26",0
39459,1,"CEINS","2014-05-25",0
39458,1,"CEINS","2014-05-24",0
39457,1,"CEINS","2014-05-23",0
39456,1,"CEINS","2014-05-22",0
39455,1,"CEINS","2014-05-21",0
39454,1,"CEINS","2014-05-20",0
39453,1,"CEINS","2014-05-19",0
39452,1,"CEINS","2014-05-18",0
39451,1,"CEINS","2014-05-17",0
39450,1,"CEINS","2014-05-16",0
39449,1,"CEINS","2014-05-15",0
39448,1,"CEINS","2014-05-14",0
39447,1,"CEINS","2014-05-13",0
39446,1,"CEINS","2014-05-12",0
39445,1,"CEINS","2014-05-11",0
39444,1,"CEINS","2014-05-10",0
39443,1,"CEINS","2014-05-09",0
39442,1,"CEINS","2014-05-08",0
39441,1,"CEINS","2014-05-07",0
39440,1,"CEINS","2014-05-06",0
39439,1,"CEINS","2014-05-05",0
39438,1,"CEINS","2014-05-04",0
39437,1,"CEINS","2014-05-03",0
39436,1,"CEINS","2014-05-02",0
39435,1,"CEINS","2014-05-01",-2
39434,1,"CEINS","2014-04-30",0
39433,1,"CEINS","2014-04-29",0
39432,1,"CEINS","2014-04-28",0
39431,1,"CEINS","2014-04-27",0
39430,1,"CEINS","2014-04-26",0
39429,1,"CEINS","2014-04-25",0
39428,1,"CEINS","2014-04-24",0
39427,1,"CEINS","2014-04-23",0
39426,1,"CEINS","2014-04-22",0
39425,1,"CEINS","2014-04-21",0
39424,1,"CEINS","2014-04-20",-2
39423,1,"CEINS","2014-04-19",-2
39422,1,"CEINS","2014-04-18",-2
39421,1,"CEINS","2014-04-17",-2
39420,1,"CEINS","2014-04-16",-2
39419,1,"CEINS","2014-04-15",-2
39418,1,"CEINS","2014-04-14",-2
39417,1,"CEINS","2014-04-13",-2
39416,1,"CEINS","2014-04-12",-2
39415,1,"CEINS","2014-04-11",-2
39414,1,"CEINS","2014-04-10",0
39413,1,"CEINS","2014-04-09",0
39412,1,"CEINS","2014-04-08",0
39411,1,"CEINS","2014-04-07",0
39410,1,"CEINS","2014-04-06",0
39409,1,"CEINS","2014-04-05",0
39408,1,"CEINS","2014-04-04",0
39407,1,"CEINS","2014-04-03",0
39406,1,"CEINS","2014-04-02",0
39405,1,"CEINS","2014-04-01",0
39404,1,"CEINS","2014-03-31",0
39403,1,"CEINS","2014-03-30",0
39402,1,"CEINS","2014-03-29",0
39401,1,"CEINS","2014-03-28",0
39400,1,"CEINS","2014-03-27",0
39399,1,"CEINS","2014-03-26",0
39398,1,"CEINS","2014-03-25",0
39397,1,"CEINS","2014-03-24",0
39396,1,"CEINS","2014-03-23",0
39395,1,"CEINS","2014-03-22",0
39394,1,"CEINS","2014-03-21",0
39393,1,"CEINS","2014-03-20",0
39392,1,"CEINS","2014-03-19",0
39391,1,"CEINS","2014-03-18",0
39390,1,"CEINS","2014-03-17",-2
39389,1,"CEINS","2014-03-16",0
39388,1,"CEINS","2014-03-15",0
39387,1,"CEINS","2014-03-14",0
39386,1,"CEINS","2014-03-13",0
39385,1,"CEINS","2014-03-12",0
39384,1,"CEINS","2014-03-11",0
39383,1,"CEINS","2014-03-10",0
39382,1,"CEINS","2014-03-09",0
39381,1,"CEINS","2014-03-08",0
39380,1,"CEINS","2014-03-07",0
39379,1,"CEINS","2014-03-06",0
39378,1,"CEINS","2014-03-05",0
39377,1,"CEINS","2014-03-04",0
39376,1,"CEINS","2014-03-03",0
39375,1,"CEINS","2014-03-02",0
39374,1,"CEINS","2014-03-01",0
39373,1,"CEINS","2014-02-28",0
39372,1,"CEINS","2014-02-27",0
39371,1,"CEINS","2014-02-26",0
39370,1,"CEINS","2014-02-25",0
39369,1,"CEINS","2014-02-24",0
39368,1,"CEINS","2014-02-23",0
39367,1,"CEINS","2014-02-22",0
39366,1,"CEINS","2014-02-21",0
39365,1,"CEINS","2014-02-20",0
39364,1,"CEINS","2014-02-19",0
39363,1,"CEINS","2014-02-18",0
39362,1,"CEINS","2014-02-17",0
39361,1,"CEINS","2014-02-16",2
39360,1,"CEINS","2014-02-15",2
39359,1,"CEINS","2014-02-14",2
39358,1,"CEINS","2014-02-13",0
39357,1,"CEINS","2014-02-12",0
39356,1,"CEINS","2014-02-11",0
39355,1,"CEINS","2014-02-10",0
39354,1,"CEINS","2014-02-09",0
39353,1,"CEINS","2014-02-08",0
39352,1,"CEINS","2014-02-07",0
39351,1,"CEINS","2014-02-06",0
39350,1,"CEINS","2014-02-05",0
39349,1,"CEINS","2014-02-04",0
39348,1,"CEINS","2014-02-03",-2
39347,1,"CEINS","2014-02-02",0
39346,1,"CEINS","2014-02-01",0
39345,1,"CEINS","2014-01-31",0
39344,1,"CEINS","2014-01-30",0
39343,1,"CEINS","2014-01-29",0
39342,1,"CEINS","2014-01-28",0
39341,1,"CEINS","2014-01-27",0
39340,1,"CEINS","2014-01-26",0
39339,1,"CEINS","2014-01-25",0
39338,1,"CEINS","2014-01-24",0
39337,1,"CEINS","2014-01-23",0
39336,1,"CEINS","2014-01-22",0
39335,1,"CEINS","2014-01-21",0
39334,1,"CEINS","2014-01-20",0
39333,1,"CEINS","2014-01-19",0
39332,1,"CEINS","2014-01-18",0
39331,1,"CEINS","2014-01-17",0
39330,1,"CEINS","2014-01-16",0
39329,1,"CEINS","2014-01-15",0
39328,1,"CEINS","2014-01-14",0
39327,1,"CEINS","2014-01-13",0
39326,1,"CEINS","2014-01-12",0
39325,1,"CEINS","2014-01-11",-2
39324,1,"CEINS","2014-01-10",-2
39323,1,"CEINS","2014-01-09",-2
39322,1,"CEINS","2014-01-08",-2
39321,1,"CEINS","2014-01-07",-2
39320,1,"CEINS","2014-01-06",-2
39319,1,"CEINS","2014-01-05",-2
39318,1,"CEINS","2014-01-04",-2
39317,1,"CEINS","2014-01-03",-2
39316,1,"CEINS","2014-01-02",-2
39315,1,"CEINS","2014-01-01",-2
39314,1,"CEINS","2013-12-31",0
39313,1,"CEINS","2013-12-30",0
39312,1,"CEINS","2013-12-29",0
39311,1,"CEINS","2013-12-28",0
39310,1,"CEINS","2013-12-27",0
39309,1,"CEINS","2013-12-26",0
39308,1,"CEINS","2013-12-25",0
39307,1,"CEINS","2013-12-24",0
39306,1,"CEINS","2013-12-23",0
39305,1,"CEINS","2013-12-22",0
39304,1,"CEINS","2013-12-21",0
39303,1,"CEINS","2013-12-20",0
39302,1,"CEINS","2013-12-19",0
39301,1,"CEINS","2013-12-18",0
39300,1,"CEINS","2013-12-17",0
39299,1,"CEINS","2013-12-16",0
39298,1,"CEINS","2013-12-15",0
39297,1,"CEINS","2013-12-14",0
39296,1,"CEINS","2013-12-13",0
39295,1,"CEINS","2013-12-12",0
39294,1,"CEINS","2013-12-11",0
39293,1,"CEINS","2013-12-10",0
39292,1,"CEINS","2013-12-09",0
39291,1,"CEINS","2013-12-08",0
39290,1,"CEINS","2013-12-07",0
39289,1,"CEINS","2013-12-06",0
39288,1,"CEINS","2013-12-05",0
39287,1,"CEINS","2013-12-04",0
39286,1,"CEINS","2013-12-03",0
39285,1,"CEINS","2013-12-02",0
39284,1,"CEINS","2013-12-01",0
39283,1,"CEINS","2013-11-30",0
39282,1,"CEINS","2013-11-29",0
39281,1,"CEINS","2013-11-28",0
39280,1,"CEINS","2013-11-27",0
39279,1,"CEINS","2013-11-26",0
39278,1,"CEINS","2013-11-25",0
39277,1,"CEINS","2013-11-24",0
39276,1,"CEINS","2013-11-23",0
39275,1,"CEINS","2013-11-22",0
39274,1,"CEINS","2013-11-21",0
39273,1,"CEINS","2013-11-20",0
39272,1,"CEINS","2013-11-19",0
39271,1,"CEINS","2013-11-18",0
39270,1,"CEINS","2013-11-17",0
39269,1,"CEINS","2013-11-16",0
39268,1,"CEINS","2013-11-15",0
39267,1,"CEINS","2013-11-14",0
39266,1,"CEINS","2013-11-13",0
39265,1,"CEINS","2013-11-12",0
39264,1,"CEINS","2013-11-11",0
39263,1,"CEINS","2013-11-10",0
39262,1,"CEINS","2013-11-09",0
39261,1,"CEINS","2013-11-08",0
39260,1,"CEINS","2013-11-07",0
39259,1,"CEINS","2013-11-06",0
39258,1,"CEINS","2013-11-05",0
39257,1,"CEINS","2013-11-04",0
39256,1,"CEINS","2013-11-03",0
39255,1,"CEINS","2013-11-02",0
39254,1,"CEINS","2013-11-01",0
39253,1,"CEINS","2013-10-31",0
39252,1,"CEINS","2013-10-30",0
39251,1,"CEINS","2013-10-29",0
39250,1,"CEINS","2013-10-28",0
39249,1,"CEINS","2013-10-27",0
39248,1,"CEINS","2013-10-26",0
39247,1,"CEINS","2013-10-25",0
39246,1,"CEINS","2013-10-24",0
39245,1,"CEINS","2013-10-23",0
39244,1,"CEINS","2013-10-22",0
39243,1,"CEINS","2013-10-21",0
39242,1,"CEINS","2013-10-20",0
39241,1,"CEINS","2013-10-19",0
39240,1,"CEINS","2013-10-18",0
39239,1,"CEINS","2013-10-17",0
39238,1,"CEINS","2013-10-16",0
39237,1,"CEINS","2013-10-15",0
39236,1,"CEINS","2013-10-14",0
39235,1,"CEINS","2013-10-13",0
39234,1,"CEINS","2013-10-12",0
39233,1,"CEINS","2013-10-11",0
39232,1,"CEINS","2013-10-10",0
39231,1,"CEINS","2013-10-09",0
39230,1,"CEINS","2013-10-08",0
39229,1,"CEINS","2013-10-07",0
39228,1,"CEINS","2013-10-06",0
39227,1,"CEINS","2013-10-05",0
39226,1,"CEINS","2013-10-04",0
39225,1,"CEINS","2013-10-03",0
39224,1,"CEINS","2013-10-02",0
39223,1,"CEINS","2013-10-01",0
39222,1,"CEINS","2013-09-30",0
39221,1,"CEINS","2013-09-29",0
39220,1,"CEINS","2013-09-28",0
39219,1,"CEINS","2013-09-27",0
39218,1,"CEINS","2013-09-26",0
39217,1,"CEINS","2013-09-25",0
39216,1,"CEINS","2013-09-24",0
39215,1,"CEINS","2013-09-23",0
39214,1,"CEINS","2013-09-22",0
39213,1,"CEINS","2013-09-21",0
39212,1,"CEINS","2013-09-20",0
39211,1,"CEINS","2013-09-19",0
39210,1,"CEINS","2013-09-18",0
39209,1,"CEINS","2013-09-17",0
39208,1,"CEINS","2013-09-16",0
39207,1,"CEINS","2013-09-15",0
39206,1,"CEINS","2013-09-14",0
39205,1,"CEINS","2013-09-13",0
39204,1,"CEINS","2013-09-12",0
39203,1,"CEINS","2013-09-11",0
39202,1,"CEINS","2013-09-10",0
39201,1,"CEINS","2013-09-09",0
39200,1,"CEINS","2013-09-08",0
39199,1,"CEINS","2013-09-07",0
39198,1,"CEINS","2013-09-06",0
39197,1,"CEINS","2013-09-05",0
39196,1,"CEINS","2013-09-04",0
39195,1,"CEINS","2013-09-03",0
39194,1,"CEINS","2013-09-02",0
39193,1,"CEINS","2013-09-01",0
39192,1,"CEINS","2013-08-31",0
39191,1,"CEINS","2013-08-30",0
39190,1,"CEINS","2013-08-29",0
39189,1,"CEINS","2013-08-28",0
39188,1,"CEINS","2013-08-27",0
39187,1,"CEINS","2013-08-26",0
39186,1,"CEINS","2013-08-25",0
39185,1,"CEINS","2013-08-24",0
39184,1,"CEINS","2013-08-23",0
39183,1,"CEINS","2013-08-22",0
39182,1,"CEINS","2013-08-21",0
39181,1,"CEINS","2013-08-20",0
39180,1,"CEINS","2013-08-19",0
39179,1,"CEINS","2013-08-18",0
39178,1,"CEINS","2013-08-17",0
39177,1,"CEINS","2013-08-16",0
39176,1,"CEINS","2013-08-15",0
39175,1,"CEINS","2013-08-14",0
39174,1,"CEINS","2013-08-13",0
39173,1,"CEINS","2013-08-12",0
39172,1,"CEINS","2013-08-11",0
39171,1,"CEINS","2013-08-10",0
39170,1,"CEINS","2013-08-09",0
39169,1,"CEINS","2013-08-08",0
39168,1,"CEINS","2013-08-07",0
39167,1,"CEINS","2013-08-06",0
39166,1,"CEINS","2013-08-05",0
39165,1,"CEINS","2013-08-04",0
39164,1,"CEINS","2013-08-03",0
39163,1,"CEINS","2013-08-02",0
39162,1,"CEINS","2013-08-01",0
39161,1,"CEINS","2013-07-31",0
39160,1,"CEINS","2013-07-30",0
39159,1,"CEINS","2013-07-29",0
39158,1,"CEINS","2013-07-28",0
39157,1,"CEINS","2013-07-27",0
39156,1,"CEINS","2013-07-26",0
39155,1,"CEINS","2013-07-25",0
39154,1,"CEINS","2013-07-24",0
39153,1,"CEINS","2013-07-23",0
39152,1,"CEINS","2013-07-22",0
39151,1,"CEINS","2013-07-21",0
39150,1,"CEINS","2013-07-20",0
39149,1,"CEINS","2013-07-19",0
39148,1,"CEINS","2013-07-18",0
39147,1,"CEINS","2013-07-17",0
39146,1,"CEINS","2013-07-16",0
39145,1,"CEINS","2013-07-15",0
39144,1,"CEINS","2013-07-14",0
39143,1,"CEINS","2013-07-13",0
39142,1,"CEINS","2013-07-12",0
39141,1,"CEINS","2013-07-11",0
39140,1,"CEINS","2013-07-10",0
39139,1,"CEINS","2013-07-09",0
39138,1,"CEINS","2013-07-08",0
39137,1,"CEINS","2013-07-07",0
39136,1,"CEINS","2013-07-06",0
39135,1,"CEINS","2013-07-05",0
39134,1,"CEINS","2013-07-04",0
39133,1,"CEINS","2013-07-03",0
39132,1,"CEINS","2013-07-02",0
39131,1,"CEINS","2013-07-01",0
39130,1,"CEINS","2013-06-30",0
39129,1,"CEINS","2013-06-29",0
39128,1,"CEINS","2013-06-28",0
39127,1,"CEINS","2013-06-27",0
39126,1,"CEINS","2013-06-26",0
39125,1,"CEINS","2013-06-25",0
39124,1,"CEINS","2013-06-24",0
39123,1,"CEINS","2013-06-23",0
39122,1,"CEINS","2013-06-22",0
39121,1,"CEINS","2013-06-21",0
39120,1,"CEINS","2013-06-20",0
39119,1,"CEINS","2013-06-19",0
39118,1,"CEINS","2013-06-18",0
39117,1,"CEINS","2013-06-17",0
39116,1,"CEINS","2013-06-16",0
39115,1,"CEINS","2013-06-15",0
39114,1,"CEINS","2013-06-14",0
39113,1,"CEINS","2013-06-13",0
39112,1,"CEINS","2013-06-12",0
39111,1,"CEINS","2013-06-11",0
39110,1,"CEINS","2013-06-10",0
39109,1,"CEINS","2013-06-09",0
39108,1,"CEINS","2013-06-08",0
39107,1,"CEINS","2013-06-07",0
39106,1,"CEINS","2013-06-06",0
39105,1,"CEINS","2013-06-05",0
39104,1,"CEINS","2013-06-04",0
39103,1,"CEINS","2013-06-03",0
39102,1,"CEINS","2013-06-02",0
39101,1,"CEINS","2013-06-01",0
39100,1,"CEINS","2013-05-31",0
39099,1,"CEINS","2013-05-30",0
39098,1,"CEINS","2013-05-29",0
39097,1,"CEINS","2013-05-28",0
39096,1,"CEINS","2013-05-27",0
39095,1,"CEINS","2013-05-26",0
39094,1,"CEINS","2013-05-25",0
39093,1,"CEINS","2013-05-24",0
39092,1,"CEINS","2013-05-23",0
39091,1,"CEINS","2013-05-22",0
39090,1,"CEINS","2013-05-21",0
39089,1,"CEINS","2013-05-20",0
39088,1,"CEINS","2013-05-19",0
39087,1,"CEINS","2013-05-18",0
39086,1,"CEINS","2013-05-17",0
39085,1,"CEINS","2013-05-16",0
39084,1,"CEINS","2013-05-15",0
39083,1,"CEINS","2013-05-14",0
39082,1,"CEINS","2013-05-13",0
39081,1,"CEINS","2013-05-12",0
39080,1,"CEINS","2013-05-11",0
39079,1,"CEINS","2013-05-10",0
39078,1,"CEINS","2013-05-09",0
39077,1,"CEINS","2013-05-08",0
39076,1,"CEINS","2013-05-07",0
39075,1,"CEINS","2013-05-06",0
39074,1,"CEINS","2013-05-05",0
39073,1,"CEINS","2013-05-04",0
39072,1,"CEINS","2013-05-03",0
39071,1,"CEINS","2013-05-02",0
39070,1,"CEINS","2013-05-01",0
39069,1,"CEINS","2013-04-30",0
39068,1,"CEINS","2013-04-29",0
39067,1,"CEINS","2013-04-28",0
39066,1,"CEINS","2013-04-27",0
39065,1,"CEINS","2013-04-26",0
39064,1,"CEINS","2013-04-25",0
39063,1,"CEINS","2013-04-24",0
39062,1,"CEINS","2013-04-23",0
39061,1,"CEINS","2013-04-22",0
39060,1,"CEINS","2013-04-21",0
39059,1,"CEINS","2013-04-20",0
39058,1,"CEINS","2013-04-19",0
39057,1,"CEINS","2013-04-18",0
39056,1,"CEINS","2013-04-17",0
39055,1,"CEINS","2013-04-16",0
39054,1,"CEINS","2013-04-15",0
39053,1,"CEINS","2013-04-14",0
39052,1,"CEINS","2013-04-13",0
39051,1,"CEINS","2013-04-12",0
39050,1,"CEINS","2013-04-11",0
39049,1,"CEINS","2013-04-10",0
39048,1,"CEINS","2013-04-09",0
39047,1,"CEINS","2013-04-08",0
39046,1,"CEINS","2013-04-07",0
39045,1,"CEINS","2013-04-06",0
39044,1,"CEINS","2013-04-05",0
39043,1,"CEINS","2013-04-04",0
39042,1,"CEINS","2013-04-03",0
39041,1,"CEINS","2013-04-02",0
39040,1,"CEINS","2013-04-01",0
39039,1,"CEINS","2013-03-31",0
39038,1,"CEINS","2013-03-30",0
39037,1,"CEINS","2013-03-29",0
39036,1,"CEINS","2013-03-28",0
39035,1,"CEINS","2013-03-27",0
39034,1,"CEINS","2013-03-26",0
39033,1,"CEINS","2013-03-25",0
39032,1,"CEINS","2013-03-24",0
39031,1,"CEINS","2013-03-23",0
39030,1,"CEINS","2013-03-22",0
39029,1,"CEINS","2013-03-21",0
39028,1,"CEINS","2013-03-20",0
39027,1,"CEINS","2013-03-19",0
39026,1,"CEINS","2013-03-18",0
39025,1,"CEINS","2013-03-17",0
39024,1,"CEINS","2013-03-16",0
39023,1,"CEINS","2013-03-15",0
39022,1,"CEINS","2013-03-14",0
39021,1,"CEINS","2013-03-13",0
39020,1,"CEINS","2013-03-12",0
39019,1,"CEINS","2013-03-11",0
39018,1,"CEINS","2013-03-10",0
39017,1,"CEINS","2013-03-09",0
39016,1,"CEINS","2013-03-08",0
39015,1,"CEINS","2013-03-07",0
39014,1,"CEINS","2013-03-06",0
39013,1,"CEINS","2013-03-05",0
39012,1,"CEINS","2013-03-04",0
39011,1,"CEINS","2013-03-03",0
39010,1,"CEINS","2013-03-02",0
39009,1,"CEINS","2013-03-01",0
39008,1,"CEINS","2013-02-28",0
39007,1,"CEINS","2013-02-27",0
39006,1,"CEINS","2013-02-26",0
39005,1,"CEINS","2013-02-25",0
39004,1,"CEINS","2013-02-24",0
39003,1,"CEINS","2013-02-23",0
39002,1,"CEINS","2013-02-22",0
39001,1,"CEINS","2013-02-21",0
39000,1,"CEINS","2013-02-20",0
38999,1,"CEINS","2013-02-19",0
38998,1,"CEINS","2013-02-18",0
38997,1,"CEINS","2013-02-17",0
38996,1,"CEINS","2013-02-16",0
38995,1,"CEINS","2013-02-15",0
38994,1,"CEINS","2013-02-14",0
38993,1,"CEINS","2013-02-13",0
38992,1,"CEINS","2013-02-12",0
38991,1,"CEINS","2013-02-11",0
38990,1,"CEINS","2013-02-10",0
38989,1,"CEINS","2013-02-09",0
38988,1,"CEINS","2013-02-08",0
38987,1,"CEINS","2013-02-07",0
38986,1,"CEINS","2013-02-06",0
38985,1,"CEINS","2013-02-05",0
38984,1,"CEINS","2013-02-04",0
38983,1,"CEINS","2013-02-03",0
38982,1,"CEINS","2013-02-02",0
38981,1,"CEINS","2013-02-01",0
38980,1,"CEINS","2013-01-31",0
38979,1,"CEINS","2013-01-30",0
38978,1,"CEINS","2013-01-29",0
38977,1,"CEINS","2013-01-28",0
38976,1,"CEINS","2013-01-27",0
38975,1,"CEINS","2013-01-26",0
38974,1,"CEINS","2013-01-25",0
38973,1,"CEINS","2013-01-24",0
38972,1,"CEINS","2013-01-23",0
38971,1,"CEINS","2013-01-22",0
38970,1,"CEINS","2013-01-21",0
38969,1,"CEINS","2013-01-20",0
38968,1,"CEINS","2013-01-19",0
38967,1,"CEINS","2013-01-18",0
38966,1,"CEINS","2013-01-17",0
38965,1,"CEINS","2013-01-16",0
38964,1,"CEINS","2013-01-15",0
38963,1,"CEINS","2013-01-14",0
38962,1,"CEINS","2013-01-13",0
38961,1,"CEINS","2013-01-12",0
38960,1,"CEINS","2013-01-11",0
38959,1,"CEINS","2013-01-10",0
38958,1,"CEINS","2013-01-09",0
38957,1,"CEINS","2013-01-08",0
38956,1,"CEINS","2013-01-07",0
38955,1,"CEINS","2013-01-06",0
38954,1,"CEINS","2013-01-05",0
38953,1,"CEINS","2013-01-04",0
38952,1,"CEINS","2013-01-03",0
38951,1,"CEINS","2013-01-02",0
38950,1,"CEINS","2013-01-01",0
